typecode,aircraft_seen,size_class
B738,430,narrowbody
A320,372,narrowbody
A21N,276,narrowbody
A20N,189,narrowbody
B38M,168,narrowbody
A319,104,narrowbody
A321,101,narrowbody
A359,92,widebody
B789,77,widebody
BCS3,58,narrowbody
B788,48,widebody
B77W,46,widebody
A333,44,widebody
A339,44,widebody
B772,38,widebody
A332,31,widebody
GLF6,17,bizjet
CL35,17,bizjet
P180,17,light
BCS1,16,narrowbody
A139,16,helicopter
E55P,16,bizjet
C56X,15,bizjet
B737,15,narrowbody
A388,14,widebody
GLEX,14,bizjet
CL60,12,bizjet
B78X,12,widebody
F2TH,11,bizjet
H25B,11,bizjet
PC12,11,light
B739,10,narrowbody
A169,10,helicopter
B763,10,widebody
B734,9,narrowbody
A35K,8,widebody
GLF5,8,bizjet
A306,8,widebody
F900,8,bizjet
E35L,7,bizjet
E195,7,regional
C68A,7,bizjet
DA40,7,light
C510,6,bizjet
C172,6,light
PC24,6,bizjet
C25A,6,bizjet
B764,6,widebody
E295,6,regional
GL7T,6,bizjet
C17,6,widebody
AT76,5,turboprop
SR22,5,light
B752,5,narrowbody
DA42,5,light
GLF4,5,bizjet
FA7X,5,bizjet
C25B,5,bizjet
B744,5,widebody
GA6C,5,bizjet
GL5T,5,bizjet
GA7C,5,bizjet
CRJ2,4,regional
B762,4,widebody
AS50,4,helicopter
DV20,4,light
C680,4,bizjet
B733,4,narrowbody
E550,4,bizjet
CL2T,4,turboprop
LJ40,4,bizjet
ECHO,4,light
BE40,3,bizjet
C525,3,bizjet
K35R,3,widebody
C150,3,light
D228,3,turboprop
C650,3,bizjet
C130,3,turboprop
A119,3,helicopter
EC45,3,helicopter
AT45,3,turboprop
P208,3,light
LJ60,3,bizjet
FA6X,3,bizjet
B77L,3,widebody
DH8D,2,turboprop
LJ45,2,bizjet
C27J,2,turboprop
C30J,2,turboprop
P46T,2,light
M20P,2,light
RV7,2,light
C25M,2,bizjet
BE9L,2,light
P68,2,light
GALX,2,bizjet
PRM1,2,bizjet
DA62,2,light
EC35,2,helicopter
AS65,2,helicopter
C750,2,bizjet
R44,1,helicopter
T206,1,light
SW4,1,turboprop
BE20,1,light
C55B,1,bizjet
SF25,1,light
RV8,1,light
A346,1,widebody
VL3,1,light
FA50,1,bizjet
P06T,1,light
C82T,1,light
SVNH,1,light
TEXA,1,light
CRJX,1,regional
OSCR,1,light
P28U,1,light
IL76,1,widebody
HDJT,1,bizjet
E50P,1,bizjet
BE33,1,light
LJ35,1,bizjet
B407,1,helicopter
B350,1,light
EFOX,1,light
C72R,1,light
EC30,1,helicopter
C182,1,light
PA34,1,light
S22T,1,light
C25C,1,bizjet
CTLN,1,light
E190,1,regional
E75S,1,regional
BE36,1,light
BE58,1,light
C550,1,bizjet
B39M,1,narrowbody
NH90,1,helicopter
A310,1,widebody
A19N,1,narrowbody
KP5,1,light
CL30,1,bizjet
J328,1,regional
PRIM,1,light
A318,1,narrowbody
B748,1,widebody
B430,1,helicopter
A109,1,helicopter
E135,1,regional
FA10,1,bizjet
PA46,1,light
NG5,1,light
EH10,1,helicopter
B505,1,helicopter
AN26,1,turboprop
TOBA,1,light
A400,1,widebody
GA5C,1,bizjet
C152,1,light
AT72,1,turboprop
TBM7,1,light
