zone_type,asset_class,allowed,max_dwell_s
runway,widebody,true,120
runway,narrowbody,true,120
runway,regional,true,120
runway,turboprop,true,120
runway,bizjet,true,120
runway,light,true,120
runway,helicopter,true,120
runway,other,true,120
runway,baggage_tractor,false,120
runway,bus,false,120
runway,fuel_truck,false,120
runway,catering_truck,false,120
runway,sar_vehicle,true,120
runway,follow_me,true,120
taxiway,widebody,true,300
taxiway,narrowbody,true,300
taxiway,regional,true,300
taxiway,turboprop,true,300
taxiway,bizjet,true,300
taxiway,light,true,300
taxiway,helicopter,true,300
taxiway,other,true,300
taxiway,baggage_tractor,false,300
taxiway,bus,false,300
taxiway,fuel_truck,false,300
taxiway,catering_truck,false,300
taxiway,sar_vehicle,true,300
taxiway,follow_me,true,300
holding_point,widebody,true,900
holding_point,narrowbody,true,900
holding_point,regional,true,900
holding_point,turboprop,true,900
holding_point,bizjet,true,900
holding_point,light,true,900
holding_point,helicopter,true,900
holding_point,other,true,900
holding_point,baggage_tractor,false,900
holding_point,bus,false,900
holding_point,fuel_truck,false,900
holding_point,catering_truck,false,900
holding_point,sar_vehicle,true,900
holding_point,follow_me,true,900
apron,widebody,true,
apron,narrowbody,true,
apron,regional,true,
apron,turboprop,true,
apron,bizjet,true,
apron,light,true,
apron,helicopter,true,
apron,other,true,
apron,baggage_tractor,true,
apron,bus,true,
apron,fuel_truck,true,
apron,catering_truck,true,
apron,sar_vehicle,true,
apron,follow_me,true,
stand,widebody,true,
stand,narrowbody,true,
stand,regional,true,
stand,turboprop,true,
stand,bizjet,true,
stand,light,true,
stand,helicopter,true,
stand,other,true,
stand,baggage_tractor,true,
stand,bus,true,
stand,fuel_truck,true,
stand,catering_truck,true,
stand,sar_vehicle,true,
stand,follow_me,true,
service_road,widebody,false,
service_road,narrowbody,false,
service_road,regional,false,
service_road,turboprop,false,
service_road,bizjet,false,
service_road,light,false,
service_road,helicopter,false,
service_road,other,false,
service_road,baggage_tractor,true,
service_road,bus,true,
service_road,fuel_truck,true,
service_road,catering_truck,true,
service_road,sar_vehicle,true,
service_road,follow_me,true,
building,widebody,false,
building,narrowbody,false,
building,regional,false,
building,turboprop,false,
building,bizjet,false,
building,light,false,
building,helicopter,false,
building,other,false,
building,baggage_tractor,true,
building,bus,true,
building,fuel_truck,true,
building,catering_truck,true,
building,sar_vehicle,true,
building,follow_me,true,
